symbol,name
005930,삼성전자
000660,SK하이닉스
005935,삼성전자우
005380,현대차
373220,LG에너지솔루션
207940,삼성바이오로직스
402340,SK스퀘어
000270,기아
105560,KB금융
034020,두산에너빌리티
329180,HD현대중공업
012450,한화에어로스페이스
068270,셀트리온
028260,삼성물산
055550,신한지주
032830,삼성생명
042660,한화오션
035420,NAVER
012330,현대모비스
015760,한국전력
086790,하나금융지주
006800,미래에셋증권
010130,고려아연
267260,HD현대일렉트릭
005490,POSCO홀딩스
006400,삼성SDI
316140,우리금융지주
009540,HD한국조선해양
000810,삼성화재
035720,카카오
034730,SK
010140,삼성중공업
138040,메리츠금융지주
009150,삼성전기
051910,LG화학
298040,효성중공업
064350,현대로템
024110,기업은행
033780,KT&G
196170,알테오젠
086520,에코프로
011200,HMM
267250,HD현대
003670,포스코퓨처엠
010120,LS ELECTRIC
272210,한화시스템
042700,한미반도체
096770,SK이노베이션
247540,에코프로비엠
086280,현대글로비스
066570,LG전자
017670,SK텔레콤
047810,한국항공우주
352820,하이브
030200,KT
000150,두산
0126Z0,삼성에피스홀딩스
003550,LG
071050,한국금융지주
018260,삼성에스디에스
323410,카카오뱅크
277810,레인보우로보틱스
039490,키움증권
000720,현대건설
005830,DB손해보험
000250,삼천당제약
259960,크래프톤
307950,현대오토에버
010950,S-Oil
047050,포스코인터내셔널
005940,NH투자증권
298380,에이비엘바이오
278470,에이피알
079550,LIG넥스원
090430,아모레퍼시픽
005387,현대차2우B
003490,대한항공
180640,한진칼
016360,삼성증권
003230,삼양식품
161390,한국타이어앤테크놀로지
000880,한화
000100,유한양행
326030,SK바이오팜
377300,카카오페이
009830,한화솔루션
006260,LS
128940,한미약품
443060,HD현대마린솔루션
007660,이수페타시스
950160,코오롱티슈진
058470,리노공업
032640,LG유플러스
029780,삼성카드
064400,LG씨엔에스
138930,BNK금융지주
028300,HLB
267270,HD건설기계
001040,CJ
028050,삼성E&A
078930,GS
175330,JB금융지주
214370,케어젠
454910,두산로보틱스
141080,리가켐바이오
021240,코웨이
241560,두산밥캣
005385,현대차우
001440,대한전선
022100,포스코DX
034220,LG디스플레이
011070,LG이노텍
087010,펩트론
052690,한전기술
088980,맥쿼리인프라
271560,오리온
240810,원익IPS
002380,KCC
251270,넷마블
450080,에코프로머티
018880,한온시스템
036570,엔씨소프트
066970,엘앤에프
082740,한화엔진
039030,이오테크닉스
004020,현대제철
062040,산일전기
140410,메지온
051900,LG생활건강
088350,한화생명
214150,클래시스
011790,SKC
000990,DB하이텍
017800,현대엘리베이터
031210,서울보증보험
035250,강원랜드
111770,영원무역
108490,로보티즈
310210,보로노이
036460,한국가스공사
302440,SK바이오사이언스
004990,롯데지주
011780,금호석유화학
001720,신영증권
347850,디앤디파마텍
095340,ISC
214450,파마리서치
403870,HPSP
004170,신세계
012750,에스원
011170,롯데케미칼
014680,한솔케미칼
103590,일진전기
0009K0,에임드바이오
097950,CJ제일제당
139130,iM금융지주
263750,펄어비스
023530,롯데쇼핑
000120,CJ대한통운
001450,현대해상
068760,셀트리온제약
009970,영원무역홀딩스
145020,휴젤
357780,솔브레인
489790,한화비전
103140,풍산
139480,이마트
319400,현대무벡스
237690,에스티팜
047040,대우건설
457190,이수스페셜티케미컬
058610,에스피지
439260,대한조선
000240,한국앤컴퍼니
026960,동서
009420,한올바이오파마
008930,한미사이언스
353200,대덕전자
081660,미스토홀딩스
010060,OCI홀딩스
071970,HD현대마린엔진
004370,농심
002790,아모레퍼시픽홀딩스
204320,HL만도
028670,팬오션
030530,원익홀딩스
004800,효성
00680K,미래에셋증권2우B
012510,더존비즈온
383220,F&F
041510,에스엠
001430,세아베스틸지주
005290,동진쎄미켐
003690,코리안리
257720,실리콘투
051600,한전KPS
440110,파두
226950,올릭스
084370,유진테크
030000,제일기획
